from_station,to_station,datetime,skills,assigned_employee,hour,day_of_week
Station A,Station C,2024-06-07 13:46:48.561446,Skill 3,1,13,4
Station G,Station E,2024-05-09 23:42:48.561458,Skill 2,10,23,3
Station E,Station H,2024-05-30 16:35:48.561464,Skill 4,3,16,3
Station D,Station B,2024-05-16 07:58:48.561468,Skill 2,4,7,3
Station D,Station B,2024-05-14 06:59:48.561473,Skill 1,7,6,1
Station A,Station C,2024-05-28 20:09:48.561478,Skill 4,8,20,1
Station B,Station E,2024-06-01 14:06:48.561483,Skill 4,2,14,5
Station B,Station A,2024-05-17 21:16:48.561487,Skill 2,3,21,4
Station E,Station G,2024-05-25 16:08:48.561491,Skill 4,1,16,5
Station B,Station A,2024-05-31 07:17:48.561496,Skill 4,8,7,4
Station G,Station H,2024-05-17 18:55:48.561500,Skill 2,3,18,4
Station G,Station H,2024-05-19 13:08:48.561505,Skill 2,8,13,6
Station H,Station C,2024-05-12 10:26:48.561509,Skill 1,4,10,6
Station B,Station G,2024-05-26 17:09:48.561513,Skill 3,6,17,6
Station B,Station F,2024-05-31 19:47:48.561517,Skill 2,2,19,4
Station E,Station A,2024-06-05 23:44:48.561521,Skill 4,8,23,2
Station H,Station D,2024-06-02 11:48:48.561526,Skill 4,5,11,6
Station D,Station F,2024-05-19 19:42:48.561530,Skill 1,3,19,6
Station D,Station A,2024-06-05 07:23:48.561534,Skill 1,1,7,2
Station H,Station D,2024-05-17 01:04:48.561539,Skill 3,2,1,4
Station G,Station B,2024-05-29 08:54:48.561543,Skill 3,9,8,2
Station A,Station H,2024-06-07 06:32:48.561547,Skill 4,10,6,4
Station H,Station G,2024-05-15 11:36:48.561551,Skill 2,9,11,2
Station E,Station B,2024-05-21 05:46:48.561555,Skill 1,4,5,1
Station G,Station A,2024-05-17 23:18:48.561559,Skill 4,2,23,4
Station C,Station A,2024-06-06 04:44:48.561563,Skill 1,4,4,3
Station C,Station B,2024-05-15 00:12:48.561567,Skill 3,6,0,2
Station B,Station G,2024-06-02 22:14:48.561572,Skill 2,3,22,6
Station D,Station F,2024-05-20 03:55:48.561576,Skill 3,3,3,0
Station A,Station C,2024-05-21 20:58:48.561580,Skill 1,3,20,1
Station G,Station A,2024-05-10 07:05:48.561584,Skill 3,8,7,4
Station G,Station F,2024-06-01 06:24:48.561589,Skill 3,5,6,5
Station H,Station A,2024-06-03 03:29:48.561593,Skill 2,9,3,0
Station F,Station G,2024-05-30 11:27:48.561598,Skill 1,10,11,3
Station A,Station G,2024-05-20 15:45:48.561602,Skill 1,3,15,0
Station C,Station H,2024-06-02 15:00:48.561606,Skill 3,7,15,6
Station B,Station G,2024-05-10 17:26:48.561611,Skill 3,8,17,4
Station G,Station D,2024-05-15 10:34:48.561615,Skill 1,6,10,2
Station E,Station H,2024-05-24 14:01:48.561620,Skill 1,1,14,4
Station D,Station G,2024-05-10 00:15:48.561625,Skill 4,1,0,4
Station B,Station F,2024-05-28 13:35:48.561629,Skill 3,6,13,1
Station F,Station C,2024-05-20 16:26:48.561633,Skill 3,3,16,0
Station G,Station D,2024-05-18 00:59:48.561637,Skill 4,4,0,5
Station A,Station B,2024-05-12 22:35:48.561642,Skill 4,6,22,6
Station B,Station D,2024-05-26 22:22:48.561646,Skill 2,3,22,6
Station H,Station A,2024-05-28 03:14:48.561650,Skill 3,6,3,1
Station A,Station H,2024-06-08 06:50:48.561655,Skill 2,5,6,5
Station F,Station G,2024-05-18 05:27:48.561659,Skill 2,4,5,5
Station A,Station H,2024-05-22 06:55:48.561663,Skill 1,1,6,2
Station B,Station F,2024-05-20 14:00:48.561668,Skill 1,1,14,0
Station E,Station B,2024-05-26 18:18:48.561673,Skill 2,2,18,6
Station H,Station B,2024-05-20 11:36:48.561677,Skill 1,9,11,0
Station H,Station G,2024-05-23 09:23:48.561682,Skill 4,4,9,3
Station D,Station G,2024-06-06 21:58:48.561686,Skill 2,1,21,3
Station F,Station G,2024-05-20 15:57:48.561691,Skill 1,2,15,0
Station B,Station E,2024-05-14 22:10:48.561695,Skill 2,6,22,1
Station H,Station C,2024-06-05 06:52:48.561700,Skill 4,10,6,2
Station A,Station C,2024-05-27 15:03:48.561704,Skill 3,4,15,0
Station B,Station G,2024-05-19 12:07:48.561708,Skill 1,2,12,6
Station D,Station C,2024-05-28 08:01:48.561713,Skill 2,2,8,1
Station F,Station A,2024-05-15 22:36:48.561717,Skill 2,2,22,2
Station D,Station A,2024-05-21 00:18:48.561721,Skill 3,9,0,1
Station C,Station E,2024-05-11 13:54:48.561726,Skill 4,9,13,5
Station D,Station A,2024-05-19 22:45:48.561730,Skill 4,4,22,6
Station G,Station F,2024-06-01 07:43:48.561734,Skill 4,9,7,5
Station F,Station B,2024-05-30 08:48:48.561738,Skill 3,10,8,3
Station A,Station B,2024-05-22 13:35:48.561742,Skill 4,10,13,2
Station H,Station B,2024-05-24 01:24:48.561747,Skill 1,6,1,4
Station C,Station B,2024-05-18 01:47:48.561751,Skill 2,6,1,5
Station E,Station H,2024-05-23 00:36:48.561755,Skill 4,6,0,3
Station G,Station A,2024-05-22 01:15:48.561759,Skill 4,3,1,2
Station D,Station A,2024-05-25 21:10:48.561764,Skill 2,4,21,5
Station A,Station G,2024-05-14 18:51:48.561768,Skill 2,9,18,1
Station F,Station E,2024-06-08 12:52:48.561772,Skill 4,6,12,5
Station A,Station C,2024-05-11 23:47:48.561777,Skill 3,10,23,5
Station G,Station C,2024-05-21 23:39:48.561781,Skill 4,1,23,1
Station B,Station D,2024-05-29 04:46:48.561785,Skill 1,9,4,2
Station F,Station B,2024-06-03 00:56:48.561789,Skill 3,7,0,0
Station D,Station F,2024-05-26 21:55:48.561794,Skill 4,3,21,6
Station G,Station A,2024-05-15 06:46:48.561798,Skill 3,8,6,2
Station B,Station A,2024-05-25 04:40:48.561802,Skill 1,10,4,5
Station B,Station F,2024-05-31 16:09:48.561806,Skill 4,3,16,4
Station C,Station F,2024-05-19 15:02:48.561810,Skill 2,8,15,6
Station E,Station H,2024-05-25 01:59:48.561815,Skill 4,3,1,5
Station G,Station E,2024-05-11 12:52:48.561819,Skill 3,5,12,5
Station G,Station D,2024-05-16 13:46:48.561824,Skill 2,4,13,3
Station F,Station A,2024-05-30 18:05:48.561828,Skill 2,5,18,3
Station D,Station C,2024-05-23 06:50:48.561832,Skill 1,5,6,3
Station G,Station F,2024-05-20 04:57:48.561836,Skill 4,1,4,0
Station F,Station A,2024-05-11 08:09:48.561841,Skill 1,6,8,5
Station A,Station D,2024-06-03 18:26:48.561845,Skill 3,7,18,0
Station H,Station B,2024-06-03 16:07:48.561849,Skill 4,4,16,0
Station G,Station F,2024-05-23 07:45:48.561853,Skill 2,8,7,3
Station D,Station B,2024-05-23 23:47:48.561857,Skill 2,2,23,3
Station A,Station B,2024-05-17 06:53:48.561862,Skill 2,2,6,4
Station B,Station A,2024-05-27 19:10:48.561866,Skill 4,4,19,0
Station D,Station A,2024-06-05 12:02:48.561871,Skill 2,4,12,2
Station G,Station C,2024-05-30 02:07:48.561875,Skill 1,9,2,3
Station B,Station A,2024-05-18 11:32:48.561880,Skill 3,10,11,5
Station C,Station A,2024-05-11 08:37:48.561884,Skill 1,4,8,5
Station C,Station H,2024-05-26 15:26:48.561888,Skill 4,2,15,6
Station E,Station B,2024-05-27 08:55:48.561892,Skill 4,5,8,0
Station A,Station D,2024-06-05 14:45:48.561897,Skill 3,4,14,2
Station C,Station H,2024-05-21 05:46:48.561901,Skill 1,10,5,1
Station E,Station D,2024-06-03 12:01:48.561906,Skill 3,6,12,0
Station G,Station A,2024-05-10 19:14:48.561910,Skill 4,3,19,4
Station H,Station D,2024-06-04 01:43:48.561915,Skill 2,5,1,1
Station C,Station E,2024-05-31 07:05:48.561919,Skill 4,4,7,4
Station F,Station G,2024-05-12 09:16:48.561923,Skill 3,4,9,6
Station E,Station A,2024-05-21 12:26:48.561928,Skill 3,1,12,1
Station D,Station F,2024-05-18 03:18:48.561932,Skill 3,10,3,5
Station E,Station B,2024-06-08 00:04:48.561937,Skill 1,6,0,5
Station H,Station C,2024-05-22 09:38:48.561941,Skill 1,3,9,2
Station A,Station C,2024-05-28 02:19:48.561945,Skill 3,3,2,1
Station A,Station C,2024-05-16 19:15:48.561950,Skill 1,9,19,3
Station G,Station D,2024-05-24 12:04:48.561954,Skill 3,10,12,4
Station G,Station B,2024-05-13 02:36:48.561959,Skill 1,9,2,0
Station B,Station F,2024-05-30 09:03:48.561963,Skill 2,9,9,3
Station H,Station F,2024-05-28 10:39:48.561967,Skill 1,5,10,1
Station C,Station D,2024-05-25 10:21:48.561972,Skill 4,1,10,5
Station D,Station H,2024-05-18 07:38:48.561976,Skill 2,5,7,5
Station D,Station F,2024-05-13 18:51:48.561980,Skill 3,5,18,0
Station F,Station B,2024-05-23 05:57:48.561985,Skill 2,7,5,3
Station G,Station A,2024-05-18 21:31:48.561989,Skill 3,5,21,5
Station H,Station G,2024-05-09 13:47:48.561993,Skill 2,1,13,3
Station B,Station E,2024-05-23 19:22:48.561997,Skill 4,5,19,3
Station A,Station D,2024-05-09 08:50:48.562001,Skill 4,4,8,3
Station F,Station B,2024-05-26 06:19:48.562006,Skill 3,4,6,6
Station C,Station H,2024-06-01 01:07:48.562010,Skill 4,2,1,5
Station H,Station B,2024-05-21 14:14:48.562014,Skill 1,6,14,1
Station G,Station H,2024-06-02 03:37:48.562019,Skill 3,5,3,6
Station C,Station H,2024-05-30 07:09:48.562023,Skill 1,9,7,3
Station A,Station B,2024-06-03 20:08:48.562028,Skill 3,4,20,0
Station C,Station G,2024-05-29 21:20:48.562032,Skill 3,9,21,2
Station B,Station F,2024-05-27 21:21:48.562037,Skill 2,4,21,0
Station A,Station H,2024-05-17 09:51:48.562041,Skill 2,3,9,4
Station C,Station F,2024-05-11 06:55:48.562045,Skill 1,8,6,5
Station D,Station H,2024-06-03 22:56:48.562050,Skill 2,5,22,0
Station A,Station F,2024-06-06 13:29:48.562054,Skill 3,6,13,3
Station D,Station G,2024-05-13 19:51:48.562058,Skill 2,4,19,0
Station D,Station A,2024-05-26 22:53:48.562062,Skill 2,4,22,6
Station H,Station F,2024-05-15 02:44:48.562066,Skill 3,7,2,2
Station D,Station G,2024-06-07 08:15:48.562071,Skill 2,10,8,4
Station F,Station D,2024-05-17 12:04:48.562075,Skill 1,4,12,4
Station H,Station A,2024-05-28 05:31:48.562080,Skill 2,2,5,1
Station G,Station F,2024-05-16 20:35:48.562084,Skill 4,6,20,3
Station E,Station B,2024-06-05 17:54:48.562088,Skill 2,9,17,2
Station C,Station G,2024-05-24 19:11:48.562092,Skill 1,6,19,4
Station C,Station B,2024-05-17 17:50:48.562096,Skill 2,9,17,4
Station C,Station G,2024-05-11 19:19:48.562101,Skill 2,5,19,5
Station E,Station D,2024-05-10 10:04:48.562105,Skill 4,1,10,4
Station B,Station D,2024-05-20 01:59:48.562110,Skill 2,2,1,0
Station C,Station G,2024-05-15 08:42:48.562114,Skill 3,6,8,2
Station A,Station B,2024-05-21 18:54:48.562118,Skill 2,5,18,1
Station G,Station H,2024-05-23 19:54:48.562122,Skill 4,5,19,3
Station B,Station D,2024-05-13 21:11:48.562126,Skill 1,1,21,0
Station H,Station A,2024-05-30 11:06:48.562131,Skill 1,10,11,3
Station C,Station D,2024-05-31 06:52:48.562135,Skill 1,2,6,4
Station E,Station G,2024-05-27 07:17:48.562139,Skill 2,10,7,0
Station A,Station H,2024-05-26 22:25:48.562144,Skill 3,10,22,6
Station C,Station D,2024-06-04 14:54:48.562148,Skill 3,9,14,1
Station G,Station H,2024-05-27 21:00:48.562152,Skill 4,2,21,0
Station C,Station G,2024-05-22 21:37:48.562156,Skill 2,5,21,2
Station B,Station G,2024-05-24 10:04:48.562160,Skill 3,8,10,4
Station D,Station F,2024-05-16 04:33:48.562164,Skill 4,6,4,3
Station A,Station F,2024-06-02 00:01:48.562169,Skill 3,1,0,6
Station A,Station H,2024-05-22 13:43:48.562173,Skill 3,1,13,2
Station A,Station G,2024-05-28 11:21:48.562177,Skill 4,3,11,1
Station G,Station A,2024-05-10 10:15:48.562182,Skill 3,8,10,4
Station C,Station B,2024-05-25 05:58:48.562186,Skill 4,3,5,5
Station C,Station H,2024-06-07 12:00:48.562190,Skill 1,6,12,4
Station C,Station D,2024-05-12 23:16:48.562194,Skill 3,6,23,6
Station E,Station C,2024-05-19 07:56:48.562199,Skill 2,8,7,6
Station B,Station F,2024-06-05 07:23:48.562203,Skill 4,8,7,2
Station A,Station H,2024-05-17 09:56:48.562207,Skill 3,9,9,4
Station H,Station A,2024-05-31 19:51:48.562211,Skill 3,2,19,4
Station C,Station B,2024-05-21 10:07:48.562215,Skill 1,8,10,1
Station A,Station G,2024-06-07 03:28:48.562220,Skill 4,5,3,4
Station G,Station E,2024-05-30 03:56:48.562224,Skill 2,5,3,3
Station E,Station D,2024-05-11 03:42:48.562228,Skill 3,1,3,5
Station D,Station G,2024-06-07 16:05:48.562232,Skill 3,7,16,4
Station F,Station B,2024-05-11 11:46:48.562237,Skill 4,9,11,5
Station C,Station E,2024-05-25 05:15:48.562241,Skill 2,2,5,5
Station C,Station D,2024-05-19 20:35:48.562246,Skill 2,5,20,6
Station D,Station A,2024-05-17 09:06:48.562250,Skill 1,8,9,4
Station H,Station F,2024-05-26 12:43:48.562254,Skill 4,7,12,6
Station F,Station H,2024-05-28 09:49:48.562258,Skill 4,1,9,1
Station C,Station H,2024-05-31 09:44:48.562262,Skill 4,3,9,4
Station H,Station A,2024-06-01 03:00:48.562266,Skill 3,8,3,5
Station C,Station B,2024-06-04 20:44:48.562271,Skill 1,5,20,1
Station B,Station H,2024-05-13 17:34:48.562275,Skill 1,10,17,0
Station B,Station G,2024-05-27 05:03:48.562279,Skill 3,9,5,0
Station G,Station B,2024-05-29 19:12:48.562284,Skill 2,5,19,2
Station E,Station F,2024-05-21 14:17:48.562288,Skill 4,7,14,1
Station H,Station D,2024-06-07 13:41:48.562293,Skill 3,9,13,4
Station H,Station D,2024-05-21 11:02:48.562298,Skill 3,5,11,1
Station B,Station C,2024-05-22 17:11:48.562303,Skill 3,4,17,2
Station D,Station B,2024-05-14 08:34:48.562307,Skill 2,6,8,1
Station D,Station E,2024-05-20 22:44:48.562311,Skill 1,1,22,0
Station H,Station D,2024-05-16 17:58:48.562315,Skill 1,7,17,3
Station A,Station C,2024-05-31 16:18:48.562319,Skill 1,8,16,4
Station F,Station C,2024-05-10 18:01:48.562324,Skill 1,4,18,4
Station E,Station G,2024-05-21 07:50:48.562328,Skill 4,2,7,1
Station C,Station H,2024-06-07 21:23:48.562332,Skill 4,5,21,4
Station H,Station C,2024-06-09 00:09:48.562336,Skill 1,5,0,6
Station D,Station B,2024-05-18 09:23:48.562340,Skill 2,9,9,5
Station E,Station G,2024-06-07 15:45:48.562344,Skill 2,7,15,4
Station C,Station E,2024-05-21 10:46:48.562349,Skill 1,3,10,1
Station H,Station B,2024-05-20 16:32:48.562353,Skill 3,4,16,0
Station B,Station E,2024-05-11 06:13:48.562357,Skill 1,3,6,5
Station C,Station A,2024-05-10 07:20:48.562361,Skill 4,4,7,4
Station B,Station E,2024-05-30 13:59:48.562365,Skill 2,1,13,3
Station A,Station F,2024-05-27 20:09:48.562369,Skill 2,9,20,0
Station H,Station A,2024-05-28 23:00:48.562373,Skill 4,7,23,1
Station F,Station H,2024-05-25 09:09:48.562378,Skill 3,8,9,5
Station D,Station E,2024-05-12 18:04:48.562382,Skill 1,2,18,6
Station E,Station B,2024-05-26 11:27:48.562386,Skill 3,3,11,6
Station E,Station C,2024-05-25 06:42:48.562390,Skill 3,10,6,5
Station G,Station D,2024-05-17 19:24:48.562395,Skill 3,1,19,4
Station H,Station E,2024-06-08 13:37:48.562399,Skill 1,9,13,5
Station A,Station B,2024-05-20 09:22:48.562403,Skill 3,3,9,0
Station G,Station D,2024-05-25 12:31:48.562407,Skill 1,1,12,5
Station F,Station A,2024-05-15 05:21:48.562414,Skill 2,2,5,2
Station B,Station E,2024-05-16 00:54:48.562418,Skill 4,8,0,3
Station F,Station C,2024-06-08 05:04:48.562422,Skill 4,8,5,5
Station H,Station D,2024-05-21 12:42:48.562427,Skill 2,4,12,1
Station G,Station C,2024-06-05 18:13:48.562431,Skill 1,6,18,2
Station E,Station B,2024-05-22 00:36:48.562435,Skill 2,2,0,2
Station D,Station H,2024-05-20 20:08:48.562439,Skill 4,6,20,0
Station E,Station F,2024-06-04 18:06:48.562443,Skill 3,4,18,1
Station D,Station A,2024-06-03 20:35:48.562448,Skill 3,8,20,0
Station B,Station F,2024-06-06 01:37:48.562452,Skill 2,7,1,3
Station B,Station E,2024-06-06 21:56:48.562456,Skill 4,2,21,3
Station B,Station E,2024-05-22 11:02:48.562460,Skill 1,9,11,2
Station G,Station B,2024-05-16 01:46:48.562464,Skill 4,5,1,3
Station C,Station F,2024-06-05 10:16:48.562468,Skill 2,10,10,2
Station A,Station G,2024-05-11 17:34:48.562472,Skill 2,8,17,5
Station G,Station A,2024-05-30 13:24:48.562477,Skill 1,9,13,3
Station F,Station D,2024-05-17 11:32:48.562481,Skill 3,2,11,4
Station A,Station G,2024-06-05 18:11:48.562485,Skill 4,9,18,2
Station H,Station G,2024-06-05 02:36:48.562490,Skill 4,7,2,2
Station G,Station H,2024-05-22 11:33:48.562495,Skill 4,10,11,2
Station D,Station A,2024-06-08 16:00:48.562499,Skill 4,4,16,5
Station D,Station H,2024-06-01 15:13:48.562503,Skill 2,1,15,5
Station G,Station C,2024-06-01 03:54:48.562507,Skill 1,6,3,5
Station B,Station C,2024-05-09 10:32:48.562512,Skill 4,3,10,3
Station C,Station D,2024-05-11 20:31:48.562516,Skill 3,2,20,5
Station A,Station D,2024-06-07 10:06:48.562520,Skill 1,4,10,4
Station F,Station H,2024-06-05 02:37:48.562524,Skill 1,2,2,2
Station G,Station B,2024-05-29 04:34:48.562528,Skill 2,2,4,2
Station B,Station E,2024-05-15 07:51:48.562533,Skill 2,6,7,2
Station A,Station B,2024-05-18 11:35:48.562537,Skill 3,2,11,5
Station C,Station B,2024-05-31 22:53:48.562541,Skill 3,8,22,4
Station B,Station C,2024-05-15 23:21:48.562545,Skill 2,10,23,2
Station A,Station G,2024-05-22 00:20:48.562549,Skill 4,10,0,2
Station G,Station E,2024-06-01 04:27:48.562554,Skill 3,7,4,5
Station D,Station G,2024-05-31 17:29:48.562558,Skill 3,6,17,4
Station F,Station C,2024-06-07 11:06:48.562562,Skill 1,6,11,4
Station H,Station B,2024-05-29 13:24:48.562566,Skill 2,2,13,2
Station E,Station D,2024-05-23 04:17:48.562571,Skill 4,6,4,3
Station A,Station E,2024-05-09 02:53:48.562575,Skill 1,9,2,3
Station E,Station A,2024-06-06 04:34:48.562579,Skill 1,9,4,3
Station B,Station A,2024-05-09 12:24:48.562583,Skill 1,8,12,3
Station F,Station A,2024-06-02 05:54:48.562587,Skill 3,6,5,6
Station H,Station D,2024-05-22 19:25:48.562591,Skill 4,9,19,2
Station H,Station B,2024-05-16 14:43:48.562595,Skill 4,9,14,3
Station G,Station B,2024-06-07 04:08:48.562599,Skill 1,7,4,4
Station D,Station G,2024-05-28 08:59:48.562603,Skill 4,9,8,1
Station E,Station G,2024-05-09 16:39:48.562608,Skill 2,5,16,3
Station A,Station B,2024-05-11 02:17:48.562612,Skill 2,4,2,5
Station C,Station E,2024-05-22 07:27:48.562616,Skill 2,5,7,2
Station C,Station F,2024-06-03 14:02:48.562620,Skill 2,7,14,0
Station C,Station A,2024-05-31 19:15:48.562624,Skill 2,8,19,4
Station H,Station F,2024-05-23 14:08:48.562628,Skill 3,8,14,3
Station F,Station D,2024-05-26 08:03:48.562632,Skill 1,9,8,6
Station E,Station A,2024-05-24 18:17:48.562636,Skill 3,1,18,4
Station F,Station H,2024-05-28 18:37:48.562641,Skill 2,2,18,1
Station F,Station C,2024-06-07 16:57:48.562645,Skill 2,2,16,4
Station H,Station G,2024-05-27 11:04:48.562650,Skill 3,10,11,0
Station A,Station F,2024-05-12 05:48:48.562654,Skill 1,4,5,6
Station F,Station E,2024-05-27 07:21:48.562658,Skill 2,10,7,0
Station E,Station D,2024-05-27 09:32:48.562662,Skill 3,6,9,0
Station F,Station E,2024-05-28 10:41:48.562666,Skill 2,1,10,1
Station F,Station C,2024-05-14 16:26:48.562671,Skill 3,9,16,1
Station D,Station G,2024-05-12 02:53:48.562675,Skill 2,2,2,6
Station F,Station A,2024-05-19 02:54:48.562679,Skill 3,10,2,6
Station B,Station E,2024-05-29 18:56:48.562684,Skill 3,2,18,2
Station B,Station G,2024-05-28 08:00:48.562688,Skill 2,3,8,1
Station H,Station G,2024-05-22 00:46:48.562692,Skill 1,8,0,2
Station C,Station B,2024-05-10 20:32:48.562696,Skill 4,8,20,4
Station G,Station D,2024-05-17 16:52:48.562700,Skill 4,7,16,4
Station E,Station H,2024-05-28 12:45:48.562704,Skill 3,8,12,1
Station F,Station B,2024-05-17 23:14:48.562708,Skill 2,5,23,4
Station C,Station G,2024-05-24 09:31:48.562712,Skill 2,7,9,4
Station D,Station H,2024-05-13 20:29:48.562717,Skill 2,6,20,0
Station E,Station B,2024-06-06 21:27:48.562721,Skill 4,9,21,3
Station G,Station E,2024-05-18 03:47:48.562725,Skill 3,1,3,5
Station H,Station B,2024-05-13 20:39:48.562729,Skill 4,5,20,0
Station B,Station H,2024-05-30 04:48:48.562734,Skill 2,3,4,3
Station C,Station F,2024-06-07 17:06:48.562738,Skill 1,3,17,4
Station D,Station E,2024-05-25 16:07:48.562742,Skill 2,6,16,5
Station A,Station H,2024-05-11 04:58:48.562746,Skill 2,10,4,5
Station F,Station B,2024-05-20 13:01:48.562750,Skill 3,7,13,0
Station A,Station F,2024-05-11 18:07:48.562754,Skill 3,4,18,5
Station B,Station E,2024-05-19 20:03:48.562758,Skill 2,9,20,6
Station E,Station H,2024-05-27 05:22:48.562762,Skill 4,6,5,0
Station B,Station F,2024-05-13 15:34:48.562766,Skill 3,2,15,0
Station A,Station H,2024-05-10 12:28:48.562770,Skill 1,10,12,4
Station G,Station C,2024-05-17 05:27:48.562774,Skill 3,2,5,4
Station G,Station A,2024-05-10 10:16:48.562779,Skill 1,3,10,4
Station E,Station F,2024-05-10 04:31:48.562783,Skill 3,10,4,4
Station D,Station B,2024-05-26 01:20:48.562787,Skill 1,10,1,6
Station E,Station H,2024-05-13 19:16:48.562793,Skill 2,8,19,0
Station C,Station E,2024-05-16 21:17:48.562797,Skill 1,1,21,3
Station H,Station E,2024-06-02 08:41:48.562801,Skill 1,3,8,6
Station F,Station G,2024-05-10 20:23:48.562805,Skill 4,1,20,4
Station H,Station F,2024-05-27 15:08:48.562809,Skill 1,4,15,0
Station E,Station H,2024-05-25 08:55:48.562813,Skill 1,5,8,5
Station B,Station H,2024-05-17 06:06:48.562818,Skill 2,3,6,4
Station B,Station H,2024-05-19 19:16:48.562822,Skill 1,9,19,6
Station C,Station A,2024-06-06 07:44:48.562826,Skill 3,8,7,3
Station D,Station B,2024-05-14 03:26:48.562832,Skill 1,4,3,1
Station F,Station E,2024-05-14 18:38:48.562836,Skill 1,10,18,1
Station B,Station A,2024-05-31 16:24:48.562840,Skill 3,6,16,4
Station B,Station A,2024-05-21 18:24:48.562844,Skill 2,8,18,1
Station B,Station E,2024-05-28 00:26:48.562848,Skill 3,6,0,1
Station G,Station C,2024-05-16 07:48:48.562853,Skill 4,5,7,3
Station A,Station B,2024-05-17 14:04:48.562857,Skill 2,3,14,4
Station F,Station C,2024-06-02 22:18:48.562861,Skill 3,8,22,6
Station H,Station D,2024-05-27 13:32:48.562865,Skill 2,8,13,0
Station G,Station B,2024-05-11 05:50:48.562870,Skill 2,9,5,5
Station D,Station B,2024-05-23 17:41:48.562874,Skill 3,8,17,3
Station H,Station C,2024-05-20 11:36:48.562878,Skill 2,3,11,0
Station G,Station E,2024-05-12 12:07:48.562883,Skill 4,6,12,6
Station B,Station G,2024-05-13 12:14:48.562887,Skill 2,4,12,0
Station C,Station D,2024-05-31 17:38:48.562891,Skill 1,1,17,4
Station E,Station F,2024-06-05 15:57:48.562895,Skill 4,3,15,2
Station E,Station C,2024-05-31 17:13:48.562899,Skill 3,5,17,4
Station D,Station B,2024-05-31 16:45:48.562903,Skill 4,8,16,4
Station H,Station B,2024-06-04 22:04:48.562907,Skill 4,5,22,1
Station F,Station C,2024-05-14 00:25:48.562912,Skill 3,1,0,1
Station C,Station B,2024-05-24 02:05:48.562916,Skill 3,3,2,4
Station A,Station E,2024-05-25 12:57:48.562920,Skill 1,1,12,5
Station G,Station B,2024-05-13 16:01:48.562924,Skill 4,4,16,0
Station A,Station G,2024-06-09 02:09:48.562929,Skill 3,4,2,6
Station F,Station E,2024-05-18 08:49:48.562933,Skill 3,4,8,5
Station D,Station C,2024-05-17 11:01:48.562937,Skill 1,9,11,4
Station A,Station B,2024-06-03 23:30:48.562941,Skill 1,2,23,0
Station D,Station H,2024-05-12 00:40:48.562945,Skill 2,5,0,6
Station C,Station E,2024-05-26 18:15:48.562949,Skill 4,1,18,6
Station H,Station B,2024-05-24 20:02:48.562954,Skill 3,3,20,4
Station A,Station F,2024-05-16 01:39:48.562958,Skill 3,8,1,3
Station A,Station E,2024-05-25 09:49:48.562962,Skill 3,5,9,5
Station E,Station D,2024-06-05 18:13:48.562966,Skill 1,4,18,2
Station G,Station E,2024-05-17 10:43:48.562971,Skill 3,8,10,4
Station F,Station A,2024-05-21 02:18:48.562975,Skill 1,1,2,1
Station E,Station G,2024-05-19 07:37:48.562979,Skill 3,4,7,6
Station H,Station E,2024-05-12 01:23:48.562983,Skill 3,5,1,6
Station H,Station B,2024-05-14 02:15:48.562987,Skill 2,6,2,1
Station G,Station F,2024-05-09 16:09:48.562991,Skill 2,1,16,3
Station D,Station A,2024-05-29 00:21:48.562995,Skill 4,7,0,2
Station H,Station E,2024-05-20 00:38:48.562999,Skill 4,10,0,0
Station H,Station B,2024-05-27 15:42:48.563004,Skill 2,4,15,0
Station C,Station E,2024-06-01 05:27:48.563008,Skill 3,2,5,5
Station B,Station A,2024-05-28 06:40:48.563012,Skill 1,3,6,1
Station C,Station D,2024-05-17 05:19:48.563016,Skill 4,4,5,4
Station H,Station B,2024-05-17 11:07:48.563020,Skill 3,10,11,4
Station B,Station E,2024-05-19 08:22:48.563025,Skill 3,4,8,6
Station H,Station A,2024-05-22 09:49:48.563029,Skill 3,8,9,2
Station C,Station E,2024-05-24 09:17:48.563033,Skill 2,5,9,4
Station C,Station H,2024-05-15 03:16:48.563037,Skill 1,6,3,2
Station D,Station B,2024-05-26 04:03:48.563041,Skill 1,9,4,6
Station F,Station G,2024-06-08 11:59:48.563045,Skill 4,3,11,5
Station F,Station H,2024-05-11 11:11:48.563050,Skill 4,10,11,5
Station E,Station B,2024-05-22 04:06:48.563054,Skill 3,3,4,2
Station E,Station D,2024-05-12 00:49:48.563058,Skill 3,9,0,6
Station F,Station D,2024-06-08 16:00:48.563062,Skill 4,3,16,5
Station C,Station F,2024-06-02 06:05:48.563066,Skill 3,7,6,6
Station F,Station H,2024-05-15 17:21:48.563071,Skill 1,9,17,2
Station E,Station G,2024-06-05 18:41:48.563075,Skill 3,1,18,2
Station F,Station B,2024-05-23 01:00:48.563079,Skill 1,6,1,3
Station C,Station G,2024-05-26 04:23:48.563083,Skill 3,6,4,6
Station G,Station B,2024-06-05 01:55:48.563087,Skill 1,9,1,2
Station A,Station D,2024-05-17 07:26:48.563091,Skill 3,7,7,4
Station F,Station E,2024-05-19 03:53:48.563095,Skill 1,8,3,6
Station C,Station H,2024-05-13 00:13:48.563099,Skill 1,10,0,0
Station A,Station B,2024-05-17 04:43:48.563104,Skill 4,3,4,4
Station E,Station B,2024-05-15 21:47:48.563108,Skill 3,3,21,2
Station G,Station C,2024-05-12 21:07:48.563112,Skill 4,7,21,6
Station E,Station F,2024-05-17 23:18:48.563116,Skill 1,6,23,4
Station B,Station D,2024-05-28 12:04:48.563120,Skill 4,4,12,1
Station D,Station B,2024-06-01 10:41:48.563125,Skill 2,2,10,5
Station E,Station C,2024-05-25 01:06:48.563128,Skill 3,9,1,5
Station H,Station F,2024-06-08 09:48:48.563133,Skill 3,4,9,5
Station H,Station C,2024-05-24 16:30:48.563137,Skill 2,6,16,4
Station C,Station F,2024-06-02 17:51:48.563141,Skill 1,2,17,6
Station D,Station C,2024-05-28 00:32:48.563145,Skill 2,2,0,1
Station G,Station D,2024-05-29 17:59:48.563149,Skill 2,5,17,2
Station E,Station H,2024-05-24 15:55:48.563153,Skill 3,5,15,4
Station H,Station C,2024-05-31 15:25:48.563157,Skill 1,6,15,4
Station G,Station B,2024-05-26 13:12:48.563161,Skill 4,6,13,6
Station F,Station A,2024-06-03 10:47:48.563166,Skill 2,4,10,0
Station C,Station B,2024-05-19 23:07:48.563170,Skill 1,4,23,6
Station H,Station A,2024-05-16 11:39:48.563174,Skill 4,9,11,3
Station G,Station A,2024-05-23 02:10:48.563178,Skill 1,9,2,3
Station E,Station B,2024-05-28 12:26:48.563182,Skill 1,7,12,1
Station B,Station F,2024-05-31 06:19:48.563186,Skill 3,7,6,4
Station E,Station H,2024-05-21 07:56:48.563190,Skill 1,5,7,1
Station B,Station E,2024-06-02 16:31:48.563194,Skill 2,5,16,6
Station G,Station A,2024-05-17 16:09:48.563198,Skill 3,8,16,4
Station H,Station G,2024-05-13 02:06:48.563202,Skill 4,3,2,0
Station E,Station D,2024-05-31 07:27:48.563208,Skill 4,5,7,4
Station D,Station H,2024-05-30 07:41:48.563212,Skill 4,8,7,3
Station D,Station H,2024-05-09 19:02:48.563216,Skill 2,5,19,3
Station H,Station A,2024-06-02 03:37:48.563220,Skill 1,1,3,6
Station A,Station F,2024-05-25 05:56:48.563225,Skill 4,9,5,5
Station D,Station F,2024-05-16 20:38:48.563230,Skill 1,8,20,3
Station D,Station C,2024-05-24 05:11:48.563235,Skill 3,1,5,4
Station G,Station B,2024-06-02 02:24:48.563240,Skill 2,6,2,6
Station D,Station H,2024-05-23 02:29:48.563245,Skill 3,7,2,3
Station D,Station H,2024-06-04 04:04:48.563250,Skill 2,9,4,1
Station G,Station D,2024-05-25 01:46:48.563255,Skill 2,5,1,5
Station A,Station D,2024-05-29 07:45:48.563260,Skill 1,10,7,2
Station B,Station D,2024-05-14 20:11:48.563265,Skill 3,10,20,1
Station A,Station F,2024-06-03 01:29:48.563270,Skill 2,3,1,0
Station C,Station B,2024-06-06 10:19:48.563274,Skill 3,2,10,3
Station C,Station H,2024-06-04 18:47:48.563278,Skill 2,6,18,1
Station G,Station D,2024-05-21 07:47:48.563283,Skill 3,1,7,1
Station H,Station F,2024-05-09 10:16:48.563287,Skill 1,8,10,3
Station E,Station C,2024-06-04 13:50:48.563291,Skill 4,6,13,1
Station F,Station C,2024-05-11 17:50:48.563295,Skill 2,2,17,5
Station D,Station H,2024-05-19 14:19:48.563299,Skill 3,2,14,6
Station G,Station H,2024-05-22 14:42:48.563303,Skill 3,9,14,2
Station C,Station B,2024-06-08 11:29:48.563307,Skill 4,7,11,5
Station G,Station B,2024-05-11 08:24:48.563311,Skill 4,5,8,5
Station D,Station H,2024-05-24 23:44:48.563315,Skill 4,1,23,4
Station C,Station A,2024-05-24 15:32:48.563320,Skill 1,6,15,4
Station D,Station A,2024-05-20 22:16:48.563324,Skill 3,9,22,0
Station G,Station C,2024-06-03 13:32:48.563328,Skill 1,4,13,0
Station C,Station H,2024-05-30 20:48:48.563332,Skill 3,4,20,3
Station A,Station C,2024-05-10 07:58:48.563337,Skill 2,8,7,4
Station B,Station A,2024-05-25 21:03:48.563341,Skill 3,1,21,5
Station C,Station H,2024-05-29 05:01:48.563345,Skill 3,7,5,2
Station A,Station G,2024-06-08 23:27:48.563349,Skill 4,1,23,5
Station E,Station D,2024-06-05 00:46:48.563353,Skill 1,1,0,2
Station B,Station G,2024-05-26 21:01:48.563357,Skill 3,5,21,6
Station E,Station D,2024-05-15 16:51:48.563361,Skill 1,9,16,2
Station B,Station F,2024-05-22 01:56:48.563367,Skill 2,6,1,2
Station E,Station D,2024-06-03 17:17:48.563371,Skill 4,9,17,0
Station H,Station D,2024-05-16 15:59:48.563375,Skill 4,4,15,3
Station D,Station F,2024-05-27 19:20:48.563379,Skill 3,4,19,0
Station B,Station H,2024-05-27 22:56:48.563383,Skill 4,8,22,0
Station E,Station C,2024-06-06 06:27:48.563387,Skill 2,7,6,3
Station A,Station B,2024-05-09 15:04:48.563391,Skill 4,9,15,3
Station F,Station B,2024-06-04 00:49:48.563395,Skill 4,2,0,1
Station D,Station H,2024-05-29 18:10:48.563399,Skill 4,3,18,2
Station A,Station E,2024-05-22 18:51:48.563404,Skill 3,1,18,2
Station H,Station G,2024-05-30 20:07:48.563408,Skill 4,5,20,3
Station B,Station C,2024-05-27 04:14:48.563412,Skill 4,4,4,0
Station D,Station G,2024-05-22 03:40:48.563416,Skill 3,2,3,2
Station E,Station D,2024-05-24 12:21:48.563420,Skill 2,3,12,4
Station C,Station H,2024-05-24 15:06:48.563424,Skill 3,4,15,4
Station D,Station G,2024-06-03 21:04:48.563428,Skill 1,7,21,0
Station A,Station C,2024-06-04 04:19:48.563432,Skill 4,6,4,1
Station G,Station D,2024-05-20 04:03:48.563436,Skill 1,5,4,0
Station C,Station F,2024-05-14 21:38:48.563440,Skill 4,9,21,1
Station H,Station G,2024-05-28 17:20:48.563444,Skill 4,9,17,1
Station E,Station H,2024-05-11 17:18:48.563449,Skill 4,9,17,5
Station B,Station F,2024-05-30 04:08:48.563453,Skill 1,1,4,3
Station F,Station D,2024-06-03 03:36:48.563457,Skill 3,9,3,0
Station G,Station A,2024-06-07 08:13:48.563461,Skill 3,10,8,4
Station A,Station E,2024-05-29 03:48:48.563465,Skill 3,3,3,2
Station D,Station A,2024-06-04 02:19:48.563469,Skill 2,6,2,1
Station B,Station C,2024-05-13 11:22:48.563473,Skill 2,1,11,0
Station B,Station A,2024-05-23 12:48:48.563477,Skill 4,5,12,3
Station B,Station D,2024-06-05 06:52:48.563482,Skill 2,7,6,2
Station F,Station D,2024-05-19 19:38:48.563486,Skill 2,6,19,6
Station D,Station B,2024-05-28 22:38:48.563490,Skill 2,8,22,1
Station G,Station B,2024-05-15 06:49:48.563495,Skill 2,10,6,2
Station E,Station G,2024-05-10 16:06:48.563499,Skill 3,4,16,4
Station H,Station D,2024-06-02 03:01:48.563503,Skill 1,3,3,6
Station H,Station E,2024-05-24 19:39:48.563507,Skill 1,1,19,4
Station C,Station F,2024-06-03 21:19:48.563511,Skill 2,3,21,0
Station D,Station G,2024-05-29 09:08:48.563515,Skill 1,9,9,2
Station D,Station B,2024-05-29 19:08:48.563519,Skill 1,2,19,2
Station A,Station B,2024-06-07 04:54:48.563523,Skill 4,3,4,4
Station A,Station C,2024-05-09 21:17:48.563527,Skill 4,6,21,3
Station E,Station D,2024-05-15 06:46:48.563531,Skill 3,1,6,2
Station G,Station C,2024-05-09 07:40:48.563536,Skill 2,10,7,3
Station D,Station E,2024-05-11 08:02:48.563540,Skill 2,10,8,5
Station C,Station E,2024-05-18 05:07:48.563544,Skill 1,3,5,5
Station E,Station C,2024-05-11 22:22:48.563548,Skill 4,4,22,5
Station B,Station C,2024-05-25 20:19:48.563553,Skill 3,1,20,5
Station B,Station D,2024-05-11 00:44:48.563557,Skill 2,4,0,5
Station B,Station D,2024-05-31 09:36:48.563561,Skill 3,7,9,4
Station F,Station A,2024-05-19 23:15:48.563566,Skill 1,2,23,6
Station D,Station C,2024-05-23 11:55:48.563570,Skill 3,4,11,3
Station G,Station B,2024-05-29 08:16:48.563574,Skill 4,6,8,2
Station E,Station B,2024-05-30 11:47:48.563578,Skill 3,7,11,3
Station C,Station D,2024-05-13 02:46:48.563582,Skill 3,5,2,0
Station E,Station B,2024-05-09 07:51:48.563586,Skill 1,5,7,3
Station D,Station A,2024-05-10 17:15:48.563590,Skill 4,1,17,4
Station E,Station B,2024-05-30 09:56:48.563594,Skill 4,9,9,3
Station D,Station C,2024-06-06 04:41:48.563599,Skill 3,10,4,3
Station D,Station F,2024-05-09 15:04:48.563604,Skill 4,10,15,3
Station H,Station A,2024-05-11 07:41:48.563608,Skill 2,7,7,5
Station E,Station G,2024-05-28 13:47:48.563613,Skill 1,5,13,1
Station C,Station D,2024-06-04 17:05:48.563617,Skill 1,3,17,1
Station G,Station H,2024-05-25 01:54:48.563621,Skill 3,10,1,5
Station D,Station C,2024-05-17 17:58:48.563625,Skill 2,7,17,4
Station D,Station G,2024-05-25 20:23:48.563629,Skill 3,8,20,5
Station D,Station H,2024-06-04 17:28:48.563634,Skill 4,4,17,1
Station E,Station D,2024-05-29 15:30:48.563638,Skill 2,9,15,2
Station B,Station A,2024-05-26 04:58:48.563643,Skill 3,4,4,6
Station C,Station H,2024-05-22 01:28:48.563648,Skill 2,6,1,2
Station C,Station G,2024-06-05 18:50:48.563652,Skill 2,4,18,2
Station G,Station E,2024-05-31 19:45:48.563656,Skill 1,3,19,4
Station B,Station H,2024-05-17 19:13:48.563661,Skill 4,9,19,4
Station D,Station G,2024-05-26 04:57:48.563665,Skill 3,6,4,6
Station D,Station C,2024-06-02 05:59:48.563669,Skill 4,3,5,6
Station H,Station A,2024-05-16 10:20:48.563673,Skill 2,7,10,3
Station F,Station A,2024-05-14 04:32:48.563677,Skill 2,1,4,1
Station G,Station C,2024-06-08 22:55:48.563682,Skill 3,5,22,5
Station B,Station C,2024-05-21 14:50:48.563686,Skill 4,3,14,1
Station D,Station C,2024-05-21 14:49:48.563690,Skill 4,1,14,1
Station G,Station A,2024-05-21 03:19:48.563695,Skill 2,5,3,1
Station G,Station D,2024-06-06 03:15:48.563699,Skill 1,2,3,3
Station E,Station B,2024-06-04 15:59:48.563704,Skill 3,2,15,1
Station H,Station D,2024-05-28 10:35:48.563708,Skill 2,7,10,1
Station C,Station A,2024-05-19 14:30:48.563712,Skill 3,8,14,6
Station D,Station F,2024-06-03 08:06:48.563716,Skill 4,3,8,0
Station D,Station C,2024-05-25 13:03:48.563721,Skill 1,3,13,5
Station F,Station E,2024-05-20 17:45:48.563725,Skill 1,9,17,0
Station C,Station A,2024-05-16 19:13:48.563729,Skill 3,1,19,3
Station G,Station E,2024-05-24 13:03:48.563733,Skill 1,7,13,4
Station D,Station C,2024-06-05 11:23:48.563738,Skill 1,7,11,2
Station H,Station G,2024-05-17 16:47:48.563742,Skill 1,5,16,4
Station D,Station H,2024-05-09 12:45:48.563746,Skill 3,10,12,3
Station F,Station B,2024-06-03 07:04:48.563750,Skill 4,10,7,0
Station H,Station A,2024-06-01 08:21:48.563754,Skill 4,9,8,5
Station A,Station C,2024-05-29 00:04:48.563758,Skill 3,5,0,2
Station D,Station E,2024-05-16 18:27:48.563762,Skill 2,10,18,3
Station G,Station C,2024-05-20 23:33:48.563766,Skill 1,6,23,0
Station A,Station B,2024-06-03 21:53:48.563771,Skill 2,7,21,0
Station E,Station A,2024-06-09 00:47:48.563775,Skill 3,2,0,6
Station G,Station B,2024-05-26 16:08:48.563779,Skill 1,1,16,6
Station G,Station F,2024-06-06 01:50:48.563783,Skill 4,2,1,3
Station F,Station C,2024-05-18 10:54:48.563787,Skill 1,9,10,5
Station H,Station B,2024-05-26 02:17:48.563791,Skill 1,3,2,6
Station F,Station C,2024-05-18 17:27:48.563796,Skill 3,3,17,5
Station A,Station H,2024-05-28 21:31:48.563800,Skill 1,2,21,1
Station C,Station D,2024-05-15 21:17:48.563805,Skill 4,4,21,2
Station A,Station E,2024-05-31 21:45:48.563809,Skill 3,1,21,4
Station E,Station C,2024-05-23 17:57:48.563813,Skill 2,2,17,3
Station G,Station B,2024-06-04 07:52:48.563817,Skill 2,4,7,1
Station D,Station B,2024-06-05 17:02:48.563822,Skill 3,4,17,2
Station F,Station B,2024-06-04 18:27:48.563826,Skill 3,10,18,1
Station E,Station F,2024-06-08 17:33:48.563830,Skill 1,1,17,5
Station A,Station B,2024-06-04 17:05:48.563834,Skill 2,9,17,1
Station E,Station A,2024-05-31 16:46:48.563838,Skill 3,1,16,4
Station E,Station D,2024-06-06 20:37:48.563842,Skill 4,7,20,3
Station C,Station G,2024-06-07 02:00:48.563846,Skill 4,1,2,4
Station A,Station H,2024-06-02 23:45:48.563851,Skill 2,5,23,6
Station C,Station B,2024-06-01 22:44:48.563854,Skill 3,6,22,5
Station E,Station C,2024-05-26 21:32:48.563858,Skill 2,2,21,6
Station D,Station E,2024-05-16 08:16:48.563863,Skill 3,3,8,3
Station A,Station F,2024-06-07 21:03:48.563867,Skill 3,5,21,4
Station C,Station H,2024-05-10 08:06:48.563871,Skill 3,4,8,4
Station E,Station A,2024-05-26 22:11:48.563875,Skill 2,3,22,6
Station H,Station A,2024-05-17 12:06:48.563879,Skill 4,1,12,4
Station F,Station G,2024-05-10 03:25:48.563884,Skill 4,10,3,4
Station A,Station G,2024-05-27 12:43:48.563887,Skill 4,3,12,0
Station C,Station F,2024-05-16 18:45:48.563892,Skill 3,2,18,3
Station E,Station H,2024-05-25 15:41:48.563896,Skill 3,8,15,5
Station D,Station F,2024-06-01 22:02:48.563900,Skill 1,3,22,5
Station G,Station B,2024-05-14 18:20:48.563904,Skill 1,3,18,1
Station E,Station G,2024-06-04 05:53:48.563908,Skill 3,1,5,1
Station F,Station C,2024-05-28 05:40:48.563913,Skill 2,8,5,1
Station H,Station B,2024-05-29 04:01:48.563917,Skill 3,5,4,2
Station D,Station B,2024-06-08 06:54:48.563921,Skill 3,5,6,5
Station D,Station C,2024-05-28 21:21:48.563925,Skill 4,8,21,1
Station D,Station G,2024-05-13 08:05:48.563929,Skill 1,7,8,0
Station A,Station F,2024-06-06 16:20:48.563933,Skill 3,8,16,3
Station G,Station B,2024-06-04 23:31:48.563937,Skill 3,4,23,1
Station A,Station B,2024-06-07 22:56:48.563941,Skill 3,8,22,4
Station G,Station H,2024-06-02 21:30:48.563945,Skill 3,8,21,6
Station B,Station G,2024-05-21 12:34:48.563949,Skill 2,10,12,1
Station H,Station A,2024-05-20 04:46:48.563953,Skill 4,1,4,0
Station F,Station A,2024-05-15 21:49:48.563957,Skill 1,9,21,2
Station B,Station D,2024-06-06 05:55:48.563961,Skill 3,6,5,3
Station B,Station G,2024-06-06 15:01:48.563965,Skill 4,2,15,3
Station E,Station A,2024-05-09 13:19:48.563969,Skill 2,10,13,3
Station F,Station H,2024-06-02 04:21:48.563974,Skill 4,8,4,6
Station D,Station E,2024-05-21 23:43:48.563978,Skill 4,5,23,1
Station A,Station E,2024-05-11 23:54:48.563982,Skill 1,4,23,5
Station F,Station D,2024-05-21 12:06:48.563986,Skill 2,10,12,1
Station B,Station D,2024-05-10 09:20:48.563990,Skill 2,2,9,4
Station A,Station E,2024-05-10 03:03:48.563995,Skill 2,6,3,4
Station A,Station E,2024-06-07 11:27:48.563999,Skill 1,5,11,4
Station F,Station C,2024-06-05 00:13:48.564004,Skill 1,3,0,2
Station A,Station G,2024-05-22 07:09:48.564008,Skill 3,3,7,2
Station C,Station G,2024-06-06 10:04:48.564012,Skill 3,8,10,3
Station D,Station B,2024-05-18 01:41:48.564016,Skill 3,8,1,5
Station G,Station D,2024-05-11 22:04:48.564020,Skill 2,2,22,5
Station B,Station A,2024-05-25 03:59:48.564024,Skill 3,1,3,5
Station F,Station B,2024-06-08 22:05:48.564028,Skill 3,2,22,5
Station B,Station C,2024-05-14 02:05:48.564034,Skill 4,6,2,1
Station F,Station A,2024-05-25 18:48:48.564038,Skill 3,8,18,5
Station C,Station D,2024-05-28 06:58:48.564042,Skill 2,2,6,1
Station G,Station D,2024-06-03 02:44:48.564046,Skill 1,8,2,0
Station F,Station E,2024-06-04 21:17:48.564050,Skill 3,2,21,1
Station F,Station H,2024-05-19 09:51:48.564054,Skill 2,5,9,6
Station A,Station D,2024-05-28 02:35:48.564058,Skill 3,1,2,1
Station A,Station B,2024-05-17 22:57:48.564063,Skill 2,4,22,4
Station G,Station F,2024-05-31 19:36:48.564067,Skill 1,8,19,4
Station A,Station C,2024-05-11 06:08:48.564072,Skill 1,5,6,5
Station F,Station D,2024-05-18 04:05:48.564076,Skill 1,2,4,5
Station E,Station D,2024-05-15 23:51:48.564080,Skill 2,4,23,2
Station A,Station D,2024-05-24 05:37:48.564084,Skill 4,4,5,4
Station G,Station D,2024-05-27 07:16:48.564088,Skill 3,7,7,0
Station E,Station D,2024-05-20 14:04:48.564093,Skill 4,5,14,0
Station F,Station C,2024-05-31 23:24:48.564097,Skill 1,3,23,4
Station F,Station D,2024-06-02 16:33:48.564101,Skill 1,9,16,6
Station D,Station H,2024-05-17 13:08:48.564105,Skill 3,5,13,4
Station D,Station E,2024-06-04 21:35:48.564110,Skill 2,6,21,1
Station B,Station E,2024-06-05 22:57:48.564114,Skill 4,8,22,2
Station B,Station C,2024-05-15 01:09:48.564118,Skill 4,3,1,2
Station D,Station C,2024-05-15 19:49:48.564122,Skill 1,5,19,2
Station E,Station A,2024-05-18 02:37:48.564126,Skill 2,1,2,5
Station D,Station F,2024-05-23 13:27:48.564130,Skill 2,8,13,3
Station A,Station E,2024-05-30 15:01:48.564135,Skill 3,9,15,3
Station F,Station E,2024-06-05 02:37:48.564139,Skill 4,2,2,2
Station D,Station A,2024-05-30 14:50:48.564143,Skill 4,8,14,3
Station G,Station H,2024-05-22 14:53:48.564147,Skill 4,9,14,2
Station B,Station A,2024-05-13 06:32:48.564151,Skill 2,9,6,0
Station A,Station D,2024-05-21 02:45:48.564155,Skill 3,1,2,1
Station G,Station D,2024-06-06 18:57:48.564160,Skill 3,2,18,3
Station H,Station D,2024-05-16 22:50:48.564164,Skill 2,3,22,3
Station F,Station E,2024-05-26 19:57:48.564168,Skill 1,7,19,6
Station A,Station H,2024-05-15 14:42:48.564172,Skill 4,8,14,2
Station G,Station F,2024-05-14 22:00:48.564177,Skill 1,2,22,1
Station C,Station F,2024-05-21 08:39:48.564181,Skill 1,4,8,1
Station B,Station H,2024-06-02 04:36:48.564185,Skill 1,9,4,6
Station G,Station A,2024-05-26 01:22:48.564189,Skill 2,4,1,6
Station E,Station F,2024-05-18 18:13:48.564193,Skill 2,10,18,5
Station G,Station D,2024-05-11 08:45:48.564197,Skill 4,6,8,5
Station H,Station G,2024-05-14 16:11:48.564201,Skill 3,9,16,1
Station C,Station B,2024-05-17 03:50:48.564206,Skill 4,1,3,4
Station C,Station E,2024-05-15 09:55:48.564210,Skill 2,3,9,2
Station C,Station A,2024-06-04 06:34:48.564214,Skill 4,6,6,1
Station B,Station G,2024-05-14 21:22:48.564219,Skill 1,6,21,1
Station F,Station E,2024-05-09 16:08:48.564223,Skill 3,3,16,3
Station G,Station E,2024-05-17 20:17:48.564227,Skill 1,5,20,4
Station A,Station H,2024-05-20 10:56:48.564231,Skill 4,8,10,0
Station G,Station C,2024-05-18 06:01:48.564235,Skill 2,1,6,5
Station G,Station A,2024-05-21 06:45:48.564239,Skill 4,6,6,1
Station F,Station H,2024-06-09 00:20:48.564243,Skill 1,10,0,6
Station A,Station H,2024-05-23 05:47:48.564247,Skill 2,2,5,3
Station D,Station A,2024-05-27 03:06:48.564251,Skill 2,2,3,0
Station H,Station B,2024-05-17 00:16:48.564255,Skill 1,9,0,4
Station D,Station C,2024-05-22 02:27:48.564259,Skill 1,3,2,2
Station D,Station F,2024-06-03 01:38:48.564263,Skill 1,8,1,0
Station A,Station G,2024-06-08 17:56:48.564267,Skill 4,9,17,5
Station G,Station B,2024-05-10 13:14:48.564272,Skill 1,7,13,4
Station H,Station G,2024-05-17 15:01:48.564276,Skill 1,8,15,4
Station E,Station D,2024-05-22 01:07:48.564280,Skill 1,8,1,2
Station E,Station D,2024-05-29 01:24:48.564284,Skill 4,1,1,2
Station F,Station A,2024-06-02 12:31:48.564288,Skill 3,1,12,6
Station G,Station B,2024-06-03 22:18:48.564292,Skill 2,7,22,0
Station D,Station A,2024-05-25 20:13:48.564296,Skill 2,2,20,5
Station F,Station G,2024-06-02 08:48:48.564301,Skill 4,7,8,6
Station B,Station E,2024-05-18 07:43:48.564305,Skill 2,5,7,5
Station E,Station D,2024-05-10 16:49:48.564309,Skill 4,4,16,4
Station C,Station E,2024-05-30 12:40:48.564314,Skill 4,1,12,3
Station B,Station A,2024-05-19 18:02:48.564318,Skill 2,1,18,6
Station D,Station H,2024-05-10 17:12:48.564322,Skill 3,10,17,4
Station H,Station G,2024-05-20 03:48:48.564326,Skill 1,1,3,0
Station C,Station G,2024-06-08 05:29:48.564331,Skill 3,2,5,5
Station H,Station A,2024-05-16 06:59:48.564335,Skill 1,3,6,3
Station F,Station H,2024-06-01 09:26:48.564339,Skill 3,5,9,5
Station B,Station G,2024-05-31 07:31:48.564343,Skill 2,9,7,4
Station G,Station D,2024-06-07 05:01:48.564370,Skill 3,6,5,4
Station F,Station D,2024-05-18 15:59:48.564374,Skill 2,10,15,5
Station F,Station H,2024-05-13 22:00:48.564378,Skill 1,8,22,0
Station G,Station C,2024-05-17 01:19:48.564382,Skill 2,9,1,4
Station A,Station D,2024-05-20 19:45:48.564386,Skill 2,5,19,0
Station G,Station D,2024-05-10 07:30:48.564390,Skill 4,7,7,4
Station A,Station G,2024-06-08 08:08:48.564394,Skill 4,2,8,5
Station C,Station E,2024-05-18 21:10:48.564399,Skill 4,9,21,5
Station D,Station A,2024-05-22 16:20:48.564403,Skill 3,5,16,2
Station E,Station G,2024-05-22 19:53:48.564407,Skill 4,3,19,2
Station B,Station A,2024-05-19 02:32:48.564411,Skill 1,6,2,6
Station F,Station G,2024-05-31 13:12:48.564415,Skill 2,5,13,4
Station E,Station B,2024-05-30 14:17:48.564419,Skill 1,7,14,3
Station H,Station D,2024-05-09 14:02:48.564423,Skill 3,6,14,3
Station B,Station A,2024-05-27 09:11:48.564427,Skill 4,1,9,0
Station A,Station H,2024-05-27 03:16:48.564432,Skill 4,1,3,0
Station C,Station E,2024-05-19 12:30:48.564436,Skill 3,5,12,6
Station D,Station E,2024-06-05 01:35:48.564440,Skill 2,9,1,2
Station H,Station B,2024-05-18 03:01:48.564444,Skill 1,2,3,5
Station G,Station F,2024-05-24 11:38:48.564448,Skill 3,1,11,4
Station B,Station A,2024-05-13 06:49:48.564452,Skill 4,9,6,0
Station F,Station C,2024-05-15 11:37:48.564457,Skill 1,6,11,2
Station A,Station E,2024-06-08 08:15:48.564461,Skill 1,1,8,5
Station A,Station F,2024-05-11 02:53:48.564465,Skill 4,9,2,5
Station F,Station B,2024-06-03 05:05:48.564469,Skill 4,6,5,0
Station C,Station E,2024-05-15 17:21:48.564473,Skill 3,6,17,2
Station E,Station B,2024-06-01 13:48:48.564477,Skill 3,3,13,5
Station G,Station C,2024-05-16 16:33:48.564481,Skill 2,10,16,3
Station A,Station G,2024-05-28 21:53:48.564485,Skill 1,7,21,1
Station D,Station A,2024-05-23 07:38:48.564489,Skill 4,4,7,3
Station H,Station C,2024-05-18 16:11:48.564494,Skill 3,8,16,5
Station C,Station D,2024-06-01 01:48:48.564498,Skill 3,2,1,5
Station D,Station F,2024-05-29 17:38:48.564502,Skill 3,1,17,2
Station F,Station D,2024-06-04 07:46:48.564505,Skill 3,3,7,1
Station H,Station F,2024-05-28 21:28:48.564510,Skill 1,2,21,1
Station D,Station C,2024-05-31 13:59:48.564514,Skill 3,3,13,4
Station A,Station C,2024-06-01 11:23:48.564518,Skill 1,7,11,5
Station H,Station A,2024-06-05 09:18:48.564522,Skill 4,2,9,2
Station C,Station E,2024-05-14 04:37:48.564527,Skill 2,10,4,1
Station F,Station G,2024-06-03 17:50:48.564531,Skill 2,6,17,0
Station G,Station B,2024-05-16 17:12:48.564535,Skill 3,10,17,3
Station H,Station A,2024-05-14 01:48:48.564539,Skill 4,7,1,1
Station E,Station A,2024-05-17 13:50:48.564543,Skill 3,2,13,4
Station G,Station C,2024-06-05 22:42:48.564547,Skill 3,9,22,2
Station B,Station F,2024-06-06 11:20:48.564552,Skill 3,6,11,3
Station G,Station E,2024-05-26 19:22:48.564557,Skill 2,9,19,6
Station D,Station E,2024-06-02 05:43:48.564562,Skill 1,2,5,6
Station B,Station C,2024-05-18 00:39:48.564566,Skill 3,5,0,5
Station H,Station C,2024-06-04 22:22:48.564570,Skill 2,5,22,1
Station H,Station F,2024-06-03 20:08:48.564574,Skill 3,6,20,0
Station A,Station B,2024-05-20 02:53:48.564579,Skill 3,6,2,0
Station H,Station G,2024-05-28 11:07:48.564583,Skill 2,8,11,1
Station C,Station A,2024-05-12 06:03:48.564587,Skill 2,5,6,6
Station D,Station A,2024-05-16 03:03:48.564591,Skill 4,4,3,3
Station E,Station H,2024-05-10 05:26:48.564595,Skill 4,5,5,4
Station H,Station D,2024-06-07 11:59:48.564600,Skill 4,4,11,4
Station F,Station G,2024-05-29 02:10:48.564604,Skill 3,4,2,2
Station C,Station B,2024-06-02 10:10:48.564608,Skill 1,7,10,6
Station H,Station D,2024-05-28 13:37:48.564611,Skill 3,7,13,1
Station G,Station E,2024-05-09 16:50:48.564616,Skill 3,2,16,3
Station H,Station B,2024-06-06 05:31:48.564620,Skill 4,3,5,3
Station B,Station C,2024-05-11 01:20:48.564624,Skill 2,4,1,5
Station H,Station E,2024-05-20 22:55:48.564628,Skill 4,9,22,0
Station E,Station D,2024-05-26 15:12:48.564632,Skill 4,8,15,6
Station F,Station E,2024-05-22 21:54:48.564636,Skill 3,7,21,2
Station B,Station G,2024-05-16 06:24:48.564640,Skill 2,7,6,3
Station E,Station C,2024-06-07 07:28:48.564644,Skill 2,1,7,4
Station H,Station A,2024-05-23 10:46:48.564648,Skill 4,1,10,3
Station F,Station D,2024-06-04 14:07:48.564652,Skill 3,8,14,1
Station C,Station A,2024-05-16 10:39:48.564656,Skill 3,2,10,3
Station H,Station C,2024-05-17 07:09:48.564660,Skill 4,5,7,4
Station G,Station E,2024-05-31 10:55:48.564664,Skill 2,4,10,4
Station B,Station C,2024-05-28 19:57:48.564669,Skill 1,7,19,1
Station C,Station G,2024-05-12 09:43:48.564673,Skill 1,10,9,6
Station F,Station D,2024-06-01 17:25:48.564677,Skill 1,1,17,5
Station B,Station G,2024-06-05 06:17:48.564681,Skill 2,1,6,2
Station B,Station F,2024-06-04 04:35:48.564686,Skill 4,1,4,1
Station C,Station D,2024-05-10 13:03:48.564690,Skill 4,9,13,4
Station H,Station B,2024-05-18 06:23:48.564694,Skill 4,4,6,5
Station F,Station G,2024-06-03 06:05:48.564698,Skill 3,1,6,0
Station B,Station C,2024-06-06 00:44:48.564702,Skill 3,7,0,3
Station D,Station H,2024-05-11 23:20:48.564706,Skill 1,7,23,5
Station H,Station F,2024-05-29 01:51:48.564710,Skill 4,10,1,2
Station A,Station C,2024-05-11 21:24:48.564714,Skill 4,2,21,5
Station H,Station E,2024-05-16 10:34:48.564718,Skill 2,3,10,3
Station D,Station H,2024-05-12 12:10:48.564722,Skill 1,10,12,6
Station A,Station D,2024-05-30 10:18:48.564726,Skill 1,3,10,3
Station G,Station C,2024-05-26 05:56:48.564730,Skill 4,2,5,6
Station F,Station B,2024-05-30 10:17:48.564734,Skill 4,5,10,3
Station C,Station D,2024-05-27 03:15:48.564738,Skill 1,8,3,0
Station F,Station D,2024-05-21 00:34:48.564742,Skill 1,10,0,1
Station C,Station F,2024-05-22 15:52:48.564746,Skill 3,2,15,2
Station E,Station A,2024-05-14 12:27:48.564750,Skill 2,1,12,1
Station F,Station H,2024-05-12 23:01:48.564754,Skill 1,2,23,6
Station H,Station F,2024-05-15 21:53:48.564758,Skill 4,6,21,2
Station A,Station D,2024-06-01 11:22:48.564762,Skill 3,4,11,5
Station D,Station F,2024-05-10 17:25:48.564766,Skill 2,9,17,4
Station A,Station H,2024-05-25 00:33:48.564771,Skill 4,2,0,5
Station E,Station C,2024-06-08 01:41:48.564775,Skill 2,9,1,5
Station G,Station E,2024-05-18 20:39:48.564781,Skill 1,2,20,5
Station H,Station C,2024-05-31 19:24:48.564785,Skill 2,10,19,4
Station E,Station D,2024-05-29 04:12:48.564789,Skill 1,10,4,2
Station A,Station C,2024-06-01 01:47:48.564793,Skill 4,10,1,5
Station F,Station G,2024-06-05 14:20:48.564798,Skill 2,2,14,2
Station A,Station C,2024-05-26 10:57:48.564802,Skill 4,3,10,6
Station G,Station F,2024-05-18 22:05:48.564806,Skill 2,9,22,5
Station B,Station G,2024-05-24 13:56:48.564810,Skill 4,2,13,4
Station D,Station A,2024-05-23 21:30:48.564814,Skill 1,8,21,3
Station E,Station A,2024-05-20 16:19:48.564818,Skill 3,7,16,0
Station A,Station F,2024-05-09 09:16:48.564823,Skill 3,5,9,3
Station F,Station C,2024-06-08 18:23:48.564827,Skill 1,10,18,5
Station H,Station A,2024-06-03 06:35:48.564831,Skill 2,5,6,0
Station F,Station A,2024-05-16 01:36:48.564835,Skill 1,9,1,3
Station D,Station F,2024-05-11 19:34:48.564840,Skill 2,5,19,5
Station F,Station E,2024-05-22 13:42:48.564844,Skill 1,8,13,2
Station C,Station D,2024-05-21 03:03:48.564848,Skill 2,8,3,1
Station A,Station F,2024-05-31 06:50:48.564852,Skill 2,8,6,4
Station C,Station D,2024-06-08 07:11:48.564856,Skill 4,9,7,5
Station C,Station D,2024-06-04 19:39:48.564860,Skill 3,9,19,1
Station D,Station G,2024-05-12 10:17:48.564864,Skill 3,4,10,6
Station C,Station F,2024-06-07 02:44:48.564869,Skill 1,6,2,4
Station G,Station B,2024-05-21 12:38:48.564873,Skill 3,1,12,1
Station E,Station H,2024-05-24 20:18:48.564877,Skill 2,3,20,4
Station H,Station B,2024-05-19 05:44:48.564881,Skill 1,7,5,6
Station E,Station F,2024-05-10 14:51:48.564885,Skill 1,6,14,4
Station F,Station G,2024-05-30 14:23:48.564890,Skill 3,3,14,3
Station D,Station C,2024-06-07 02:00:48.564894,Skill 4,5,2,4
Station D,Station F,2024-05-14 23:25:48.564898,Skill 4,2,23,1
Station C,Station A,2024-06-09 00:40:48.564903,Skill 4,4,0,6
Station G,Station A,2024-05-22 21:20:48.564907,Skill 1,7,21,2
Station C,Station F,2024-05-22 11:35:48.564911,Skill 4,8,11,2
Station C,Station E,2024-06-02 14:33:48.564915,Skill 3,5,14,6
Station H,Station C,2024-05-23 11:43:48.564919,Skill 4,7,11,3
Station E,Station D,2024-05-11 09:44:48.564923,Skill 2,2,9,5
Station A,Station F,2024-05-10 20:20:48.564927,Skill 2,10,20,4
Station H,Station E,2024-05-20 02:49:48.564933,Skill 1,9,2,0
Station H,Station D,2024-06-05 01:08:48.564937,Skill 2,3,1,2
Station E,Station H,2024-05-12 18:23:48.564941,Skill 1,6,18,6
Station F,Station D,2024-05-29 06:27:48.564946,Skill 3,7,6,2
Station F,Station B,2024-05-12 11:22:48.564950,Skill 3,3,11,6
Station B,Station A,2024-05-15 16:46:48.564954,Skill 1,3,16,2
Station G,Station C,2024-06-08 13:44:48.564959,Skill 3,4,13,5
Station E,Station F,2024-05-27 00:37:48.564963,Skill 2,3,0,0
Station G,Station H,2024-05-20 11:48:48.564967,Skill 3,6,11,0
Station A,Station E,2024-05-30 06:59:48.564971,Skill 1,7,6,3
Station E,Station D,2024-06-06 13:43:48.564976,Skill 2,6,13,3
Station H,Station E,2024-05-17 21:44:48.564980,Skill 2,4,21,4
Station E,Station F,2024-05-31 11:19:48.564984,Skill 1,5,11,4
Station C,Station F,2024-05-12 06:40:48.564988,Skill 1,10,6,6
Station E,Station C,2024-06-03 00:10:48.564992,Skill 3,4,0,0
Station H,Station G,2024-05-18 21:57:48.564996,Skill 2,6,21,5
Station D,Station G,2024-05-19 19:38:48.565000,Skill 4,2,19,6
Station E,Station B,2024-05-19 02:35:48.565005,Skill 2,10,2,6
Station C,Station E,2024-05-27 05:45:48.565010,Skill 4,3,5,0
Station A,Station H,2024-05-23 01:02:48.565014,Skill 4,6,1,3
Station E,Station C,2024-05-14 11:11:48.565018,Skill 3,8,11,1
Station A,Station G,2024-05-30 15:47:48.565022,Skill 4,6,15,3
Station C,Station D,2024-05-28 01:32:48.565026,Skill 3,9,1,1
Station C,Station D,2024-06-07 21:08:48.565030,Skill 2,2,21,4
Station E,Station H,2024-05-18 02:59:48.565034,Skill 4,1,2,5
Station E,Station C,2024-05-25 15:14:48.565039,Skill 4,1,15,5
Station F,Station C,2024-06-08 13:15:48.565044,Skill 2,6,13,5
Station G,Station C,2024-06-03 16:34:48.565048,Skill 3,1,16,0
Station H,Station C,2024-05-11 00:41:48.565052,Skill 4,8,0,5
Station D,Station A,2024-06-02 15:20:48.565056,Skill 2,4,15,6
Station E,Station D,2024-06-04 07:10:48.565060,Skill 2,3,7,1
Station B,Station G,2024-05-23 17:58:48.565064,Skill 2,2,17,3
Station F,Station D,2024-06-09 02:46:48.565069,Skill 3,9,2,6
Station G,Station D,2024-06-08 19:56:48.565073,Skill 2,5,19,5
Station B,Station G,2024-06-07 13:29:48.565077,Skill 2,3,13,4
Station C,Station E,2024-05-19 11:59:48.565082,Skill 3,4,11,6
Station A,Station G,2024-05-19 13:21:48.565086,Skill 1,6,13,6
Station C,Station A,2024-06-01 05:14:48.565090,Skill 1,5,5,5
Station C,Station G,2024-05-11 09:18:48.565095,Skill 2,8,9,5
Station G,Station E,2024-05-16 00:45:48.565099,Skill 1,2,0,3
Station F,Station A,2024-06-04 00:46:48.565103,Skill 4,8,0,1
Station H,Station D,2024-05-15 17:44:48.565107,Skill 2,3,17,2
Station A,Station G,2024-05-30 19:49:48.565111,Skill 2,2,19,3
Station E,Station G,2024-05-12 16:00:48.565116,Skill 3,6,16,6
Station G,Station B,2024-06-03 04:03:48.565120,Skill 4,1,4,0
Station D,Station B,2024-05-13 01:46:48.565124,Skill 2,4,1,0
Station E,Station H,2024-06-08 19:54:48.565129,Skill 3,10,19,5
Station H,Station G,2024-06-06 06:24:48.565133,Skill 1,6,6,3
Station A,Station G,2024-05-19 03:32:48.565137,Skill 2,9,3,6
Station B,Station C,2024-05-12 10:02:48.565141,Skill 1,2,10,6
Station D,Station B,2024-05-23 21:13:48.565145,Skill 1,8,21,3
Station G,Station B,2024-05-30 21:00:48.565150,Skill 3,7,21,3
Station G,Station D,2024-05-14 06:11:48.565154,Skill 4,5,6,1
Station F,Station E,2024-05-17 00:47:48.565158,Skill 3,10,0,4
Station E,Station C,2024-06-01 08:49:48.565162,Skill 4,8,8,5
Station A,Station E,2024-06-01 19:30:48.565167,Skill 1,9,19,5
Station H,Station G,2024-05-19 02:00:48.565171,Skill 3,2,2,6
Station B,Station C,2024-06-03 22:05:48.565175,Skill 1,6,22,0
Station C,Station E,2024-05-15 01:24:48.565179,Skill 1,7,1,2
Station H,Station C,2024-05-10 11:37:48.565183,Skill 1,2,11,4
Station E,Station H,2024-05-26 12:43:48.565187,Skill 3,2,12,6
Station C,Station A,2024-05-19 11:17:48.565192,Skill 1,4,11,6
Station B,Station G,2024-06-07 13:27:48.565196,Skill 2,2,13,4
Station F,Station A,2024-05-17 02:05:48.565200,Skill 4,10,2,4
Station F,Station A,2024-05-15 11:57:48.565205,Skill 1,9,11,2
Station D,Station E,2024-05-14 12:21:48.565209,Skill 4,6,12,1
Station D,Station F,2024-05-18 04:36:48.565213,Skill 4,2,4,5
Station G,Station D,2024-05-21 18:48:48.565217,Skill 3,10,18,1
Station C,Station H,2024-05-27 07:11:48.565221,Skill 2,4,7,0
Station H,Station G,2024-06-07 07:54:48.565226,Skill 2,8,7,4
Station G,Station D,2024-05-25 11:15:48.565230,Skill 3,8,11,5
Station C,Station F,2024-05-27 02:33:48.565235,Skill 2,1,2,0
Station A,Station H,2024-05-09 10:32:48.565239,Skill 3,8,10,3
Station B,Station E,2024-05-13 15:16:48.565243,Skill 2,8,15,0
Station H,Station B,2024-05-16 14:02:48.565247,Skill 1,10,14,3
Station C,Station E,2024-05-10 05:59:48.565251,Skill 1,6,5,4
Station B,Station C,2024-05-31 04:08:48.565256,Skill 2,6,4,4
Station C,Station D,2024-06-07 00:08:48.565259,Skill 3,4,0,4
Station H,Station B,2024-05-18 15:02:48.565263,Skill 2,1,15,5
Station D,Station B,2024-05-12 13:26:48.565268,Skill 3,8,13,6
Station A,Station E,2024-05-21 14:35:48.565272,Skill 1,10,14,1
Station E,Station B,2024-05-09 08:45:48.565276,Skill 1,5,8,3
Station A,Station C,2024-05-20 05:35:48.565281,Skill 4,7,5,0
Station G,Station D,2024-05-27 05:17:48.565285,Skill 2,5,5,0
Station E,Station A,2024-06-05 21:49:48.565289,Skill 2,4,21,2
Station E,Station C,2024-05-14 01:29:48.565293,Skill 2,2,1,1
Station B,Station D,2024-05-13 08:39:48.565297,Skill 1,5,8,0
Station B,Station E,2024-05-10 19:04:48.565302,Skill 4,9,19,4
Station D,Station E,2024-06-08 14:14:48.565306,Skill 3,6,14,5
Station F,Station H,2024-05-23 14:30:48.565310,Skill 2,4,14,3
Station D,Station E,2024-06-04 12:50:48.565314,Skill 1,4,12,1
Station G,Station D,2024-05-25 22:56:48.565318,Skill 1,2,22,5
Station H,Station F,2024-05-13 04:24:48.565323,Skill 2,3,4,0
Station D,Station B,2024-06-05 16:44:48.565327,Skill 1,3,16,2
Station C,Station F,2024-05-09 11:54:48.565332,Skill 3,9,11,3
Station B,Station A,2024-05-27 22:18:48.565336,Skill 3,1,22,0
Station F,Station A,2024-05-15 08:13:48.565340,Skill 4,5,8,2
Station A,Station H,2024-05-19 18:56:48.565344,Skill 3,5,18,6
Station E,Station F,2024-05-18 09:57:48.565348,Skill 3,6,9,5
Station C,Station F,2024-05-24 00:54:48.565354,Skill 3,7,0,4
Station H,Station G,2024-06-08 19:15:48.565358,Skill 2,8,19,5
Station F,Station H,2024-05-11 23:39:48.565362,Skill 4,8,23,5
Station A,Station E,2024-05-19 05:36:48.565366,Skill 4,3,5,6
Station B,Station C,2024-05-17 14:44:48.565370,Skill 4,10,14,4
Station B,Station D,2024-05-28 23:19:48.565374,Skill 1,4,23,1
Station C,Station D,2024-05-11 08:51:48.565379,Skill 2,3,8,5
Station D,Station F,2024-05-28 04:22:48.565383,Skill 1,1,4,1
Station H,Station C,2024-05-30 15:30:48.565387,Skill 2,8,15,3
Station H,Station D,2024-06-07 17:07:48.565391,Skill 1,9,17,4
Station H,Station A,2024-05-13 00:08:48.565395,Skill 2,9,0,0
Station B,Station H,2024-05-23 17:36:48.565399,Skill 2,6,17,3
Station A,Station B,2024-05-19 19:02:48.565403,Skill 1,3,19,6
Station G,Station D,2024-06-03 13:10:48.565407,Skill 3,5,13,0
Station G,Station F,2024-05-16 20:56:48.565411,Skill 3,2,20,3
Station A,Station D,2024-05-28 10:47:48.565415,Skill 3,3,10,1
Station A,Station C,2024-05-29 06:12:48.565420,Skill 2,9,6,2
Station B,Station C,2024-05-29 18:15:48.565424,Skill 3,1,18,2
Station H,Station A,2024-05-13 08:50:48.565428,Skill 4,3,8,0
Station B,Station F,2024-05-14 07:19:48.565432,Skill 2,1,7,1
Station F,Station G,2024-05-10 21:24:48.565436,Skill 1,2,21,4
Station A,Station E,2024-05-17 01:34:48.565441,Skill 1,7,1,4
Station C,Station A,2024-06-04 12:46:48.565445,Skill 2,4,12,1
Station D,Station A,2024-05-18 06:20:48.565450,Skill 3,4,6,5
Station A,Station H,2024-06-05 09:00:48.565454,Skill 3,8,9,2
Station E,Station H,2024-05-20 18:48:48.565458,Skill 1,1,18,0
Station G,Station E,2024-05-28 17:23:48.565462,Skill 1,8,17,1
Station H,Station C,2024-05-14 07:37:48.565466,Skill 3,8,7,1
Station F,Station G,2024-06-09 01:47:48.565470,Skill 2,5,1,6
Station F,Station B,2024-05-18 15:43:48.565475,Skill 2,1,15,5
Station H,Station F,2024-06-03 10:58:48.565480,Skill 1,5,10,0
Station A,Station F,2024-05-18 10:56:48.565484,Skill 3,7,10,5
Station H,Station C,2024-05-29 21:00:48.565488,Skill 3,5,21,2
Station B,Station H,2024-06-03 02:24:48.565492,Skill 3,3,2,0
Station D,Station C,2024-05-18 08:48:48.565496,Skill 3,8,8,5
Station B,Station A,2024-06-04 02:25:48.565500,Skill 4,5,2,1
Station C,Station A,2024-05-26 16:24:48.565504,Skill 1,6,16,6
Station C,Station F,2024-06-06 19:42:48.565509,Skill 3,6,19,3
Station E,Station A,2024-06-01 04:38:48.565513,Skill 4,3,4,5
Station G,Station A,2024-05-14 21:36:48.565517,Skill 4,4,21,1
Station G,Station F,2024-05-23 17:38:48.565521,Skill 1,3,17,3
Station C,Station E,2024-05-26 10:40:48.565525,Skill 3,2,10,6
Station G,Station H,2024-06-05 07:37:48.565529,Skill 2,6,7,2
Station E,Station H,2024-05-18 03:22:48.565533,Skill 3,3,3,5
Station E,Station C,2024-06-06 03:20:48.565537,Skill 4,8,3,3
Station G,Station A,2024-06-07 01:17:48.565542,Skill 2,9,1,4
Station F,Station D,2024-06-08 20:42:48.565546,Skill 1,5,20,5
Station F,Station H,2024-05-30 20:15:48.565550,Skill 1,7,20,3
Station C,Station G,2024-05-27 16:53:48.565555,Skill 3,9,16,0
Station C,Station B,2024-05-26 16:24:48.565559,Skill 2,4,16,6
Station D,Station F,2024-05-26 03:33:48.565563,Skill 4,1,3,6
Station C,Station A,2024-05-19 12:06:48.565567,Skill 1,5,12,6
Station B,Station F,2024-05-20 22:47:48.565571,Skill 2,8,22,0
Station B,Station G,2024-05-29 02:49:48.565575,Skill 1,10,2,2
Station E,Station G,2024-06-06 17:24:48.565580,Skill 4,5,17,3
Station H,Station B,2024-05-30 14:11:48.565584,Skill 3,10,14,3
Station G,Station E,2024-05-15 18:28:48.565588,Skill 2,3,18,2
Station D,Station G,2024-05-15 09:50:48.565592,Skill 1,3,9,2
Station D,Station F,2024-05-20 11:38:48.565597,Skill 1,1,11,0
Station B,Station A,2024-05-14 04:21:48.565601,Skill 4,4,4,1
Station C,Station B,2024-05-23 13:59:48.565605,Skill 3,2,13,3
Station E,Station A,2024-05-21 11:24:48.565609,Skill 2,5,11,1
Station B,Station G,2024-05-28 07:03:48.565613,Skill 1,3,7,1
Station G,Station F,2024-05-26 23:18:48.565618,Skill 3,9,23,6
Station H,Station B,2024-05-26 14:34:48.565622,Skill 3,7,14,6
Station B,Station A,2024-06-01 16:23:48.565626,Skill 2,1,16,5
Station D,Station A,2024-05-24 22:27:48.565630,Skill 1,2,22,4
Station B,Station F,2024-05-14 16:36:48.565634,Skill 1,10,16,1
Station B,Station G,2024-05-13 13:48:48.565639,Skill 2,9,13,0
Station E,Station C,2024-05-24 01:35:48.565643,Skill 3,1,1,4
Station A,Station D,2024-05-26 00:37:48.565648,Skill 3,7,0,6
Station F,Station H,2024-05-29 08:08:48.565652,Skill 4,5,8,2
Station B,Station G,2024-06-02 14:00:48.565656,Skill 2,5,14,6
Station A,Station D,2024-06-02 00:40:48.565661,Skill 1,10,0,6
Station C,Station B,2024-05-13 09:41:48.565665,Skill 2,1,9,0
Station H,Station G,2024-05-11 09:52:48.565670,Skill 2,6,9,5
Station C,Station E,2024-05-12 07:14:48.565674,Skill 2,1,7,6
Station F,Station H,2024-05-29 15:44:48.565678,Skill 3,5,15,2
Station E,Station A,2024-06-07 10:18:48.565682,Skill 2,5,10,4
Station C,Station H,2024-05-27 15:22:48.565686,Skill 3,10,15,0
Station B,Station G,2024-05-24 21:05:48.565690,Skill 3,1,21,4
Station B,Station G,2024-05-18 01:57:48.565695,Skill 3,9,1,5
Station D,Station E,2024-05-19 20:26:48.565699,Skill 1,7,20,6
Station D,Station B,2024-05-28 02:08:48.565703,Skill 1,1,2,1
Station F,Station H,2024-05-21 14:12:48.565707,Skill 3,9,14,1
